measurement_point;roa_locus_10436_iso_7_len_1839_ver_2;roa_locus_10621_iso_6_len_1748_ver_2;roa_locus_10630_iso_1_len_404_ver_2;roa_locus_10657_iso_2_len_1512_ver_2;roa_locus_10658_iso_1_len_2154_ver_2;roa_locus_1078_iso_6_len_1916_ver_2;roa_locus_11185_iso_2_len_1712_ver_2;roa_locus_11199_iso_4_len_1361_ver_2;roa_locus_11263_iso_4_len_1380_ver_2;roa_locus_11311_iso_1_len_1817_ver_2;roa_locus_11313_iso_2_len_1664_ver_2;roa_locus_11315_iso_1_len_1325_ver_2;roa_locus_11714_iso_3_len_1898_ver_2;roa_locus_11831_iso_9_len_1773_ver_2;roa_locus_11997_iso_6_len_2005_ver_2;roa_locus_12046_iso_1_len_1860_ver_2;roa_locus_12362_iso_7_len_866_ver_2;roa_locus_1241_iso_3_len_1559_ver_2;roa_locus_12477_iso_2_len_1721_ver_2;roa_locus_12615_iso_1_len_1830_ver_2;roa_locus_12647_iso_3_len_1840_ver_2;roa_locus_12670_iso_1_len_640_ver_2;roa_locus_12768_iso_6_len_2544_ver_2;roa_locus_13044_iso_1_len_807_ver_2;roa_locus_13132_iso_4_len_1643_ver_2;roa_locus_13283_iso_1_len_582_ver_2;roa_locus_13526_iso_1_len_1594_ver_2;roa_locus_13641_iso_7_len_1983_ver_2;roa_locus_13696_iso_2_len_515_ver_2;roa_locus_14140_iso_4_len_1538_ver_2;roa_locus_14176_iso_5_len_1791_ver_2;roa_locus_14205_iso_4_len_528_ver_2;roa_locus_14217_iso_1_len_1747_ver_2;roa_locus_14414_iso_2_len_1287_ver_2;roa_locus_14463_iso_1_len_747_ver_2;roa_locus_14480_iso_1_len_1563_ver_2;roa_locus_14501_iso_2_len_1851_ver_2;roa_locus_14706_iso_4_len_1814_ver_2;roa_locus_14712_iso_5_len_2800_ver_2;roa_locus_14790_iso_1_len_1751_ver_2;roa_locus_14849_iso_1_len_1783_ver_2;roa_locus_1486_iso_1_len_1791_ver_2;roa_locus_15464_iso_3_len_1362_ver_2;roa_locus_15578_iso_1_len_476_ver_2;roa_locus_15594_iso_1_len_1651_ver_2;roa_locus_15661_iso_1_len_289_ver_2;roa_locus_15689_iso_1_len_1667_ver_2;roa_locus_15949_iso_9_len_1594_ver_2;roa_locus_16225_iso_1_len_1685_ver_2;roa_locus_16354_iso_4_len_1850_ver_2;roa_locus_16407_iso_1_len_1852_ver_2;roa_locus_16720_iso_6_len_2070_ver_2;roa_locus_17595_iso_1_len_1648_ver_2;roa_locus_1784_iso_5_len_1905_ver_2;roa_locus_17891_iso_5_len_2403_ver_2;roa_locus_18210_iso_1_len_1816_ver_2;roa_locus_1929_iso_3_len_2091_ver_2;roa_locus_192_iso_9_len_1704_ver_2;roa_locus_19452_iso_3_len_1718_ver_2;roa_locus_19500_iso_4_len_1703_ver_2;roa_locus_19529_iso_1_len_630_ver_2;roa_locus_19912_iso_1_len_1956_ver_2;roa_locus_20239_iso_1_len_1833_ver_2;roa_locus_20801_iso_4_len_3382_ver_2;roa_locus_20825_iso_1_len_1623_ver_2;roa_locus_21056_iso_1_len_1534_ver_2;roa_locus_2150_iso_6_len_1863_ver_2;roa_locus_21902_iso_1_len_1868_ver_2;roa_locus_22005_iso_1_len_333_ver_2;roa_locus_22370_iso_1_len_1364_ver_2;roa_locus_2248_iso_7_len_2739_ver_2;roa_locus_22937_iso_2_len_1738_ver_2;roa_locus_2301_iso_6_len_1855_ver_2;roa_locus_23380_iso_1_len_1671_ver_2;roa_locus_23390_iso_1_len_706_ver_2;roa_locus_23469_iso_1_len_1916_ver_2;roa_locus_23611_iso_3_len_1304_ver_2;roa_locus_23697_iso_1_len_608_ver_2;roa_locus_24013_iso_1_len_1680_ver_2;roa_locus_24020_iso_1_len_1630_ver_2;roa_locus_24523_iso_1_len_978_ver_2;roa_locus_248_iso_6_len_1937_ver_2;roa_locus_2513_iso_3_len_1700_ver_2;roa_locus_25250_iso_1_len_282_ver_2;roa_locus_2533_iso_10_len_1765_ver_2;roa_locus_2562_iso_2_len_1707_ver_2;roa_locus_25641_iso_2_len_1759_ver_2;roa_locus_25918_iso_1_len_1218_ver_2;roa_locus_26608_iso_2_len_811_ver_2;roa_locus_26683_iso_1_len_677_ver_2;roa_locus_2708_iso_1_len_1946_ver_2;roa_locus_27803_iso_1_len_466_ver_2;roa_locus_27879_iso_3_len_761_ver_2;roa_locus_27936_iso_1_len_1586_ver_2;roa_locus_2806_iso_3_len_1939_ver_2;roa_locus_28322_iso_1_len_1579_ver_2;roa_locus_28460_iso_1_len_1595_ver_2;roa_locus_28627_iso_1_len_1672_ver_2;roa_locus_28648_iso_5_len_2346_ver_2;roa_locus_28781_iso_3_len_478_ver_2;roa_locus_2888_iso_2_len_276_ver_2;roa_locus_29182_iso_1_len_1728_ver_2;roa_locus_29629_iso_1_len_1754_ver_2;roa_locus_29931_iso_2_len_1745_ver_2;roa_locus_30156_iso_3_len_1766_ver_2;roa_locus_30299_iso_1_len_312_ver_2;roa_locus_30310_iso_1_len_395_ver_2;roa_locus_30843_iso_1_len_1088_ver_2;roa_locus_31341_iso_1_len_478_ver_2;roa_locus_31503_iso_3_len_1650_ver_2;roa_locus_31614_iso_1_len_1796_ver_2;roa_locus_3224_iso_4_len_1799_ver_2;roa_locus_32351_iso_4_len_2319_ver_2;roa_locus_32493_iso_2_len_1960_ver_2;roa_locus_3339_iso_1_len_1307_ver_2;roa_locus_33403_iso_2_len_1793_ver_2;roa_locus_33777_iso_1_len_280_ver_2;roa_locus_34034_iso_1_len_1451_ver_2;roa_locus_3405_iso_7_len_2052_ver_2;roa_locus_34127_iso_1_len_371_ver_2;roa_locus_34204_iso_1_len_370_ver_2;roa_locus_3433_iso_6_len_2188_ver_2;roa_locus_34445_iso_10_len_1528_ver_2;roa_locus_34490_iso_1_len_1706_ver_2;roa_locus_34687_iso_3_len_725_ver_2;roa_locus_3469_iso_2_len_1814_ver_2;roa_locus_35394_iso_1_len_351_ver_2;roa_locus_35676_iso_1_len_476_ver_2;roa_locus_36465_iso_2_len_1623_ver_2;roa_locus_36583_iso_1_len_543_ver_2;roa_locus_3663_iso_2_len_1857_ver_2;roa_locus_36895_iso_1_len_441_ver_2;roa_locus_37544_iso_1_len_1415_ver_2;roa_locus_37831_iso_1_len_618_ver_2;roa_locus_38656_iso_1_len_324_ver_2;roa_locus_38692_iso_1_len_493_ver_2;roa_locus_38945_iso_1_len_1815_ver_2;roa_locus_396_iso_1_len_1672_ver_2;roa_locus_39732_iso_3_len_1919_ver_2;roa_locus_39987_iso_1_len_489_ver_2;roa_locus_40418_iso_4_len_2012_ver_2;roa_locus_40464_iso_4_len_996_ver_2;roa_locus_40592_iso_1_len_1500_ver_2;roa_locus_40847_iso_2_len_1919_ver_2;roa_locus_40897_iso_1_len_1718_ver_2;roa_locus_40976_iso_1_len_571_ver_2;roa_locus_41341_iso_1_len_1717_ver_2;roa_locus_41373_iso_1_len_1357_ver_2;roa_locus_4225_iso_5_len_1700_ver_2;roa_locus_42299_iso_1_len_1732_ver_2;roa_locus_42686_iso_3_len_1336_ver_2;roa_locus_4328_iso_2_len_1740_ver_2;roa_locus_43366_iso_1_len_1638_ver_2;roa_locus_4381_iso_3_len_1753_ver_2;roa_locus_43907_iso_1_len_606_ver_2;roa_locus_44465_iso_1_len_2106_ver_2;roa_locus_47149_iso_1_len_980_ver_2;roa_locus_47372_iso_1_len_1165_ver_2;roa_locus_4766_iso_5_len_1714_ver_2;roa_locus_4799_iso_3_len_1603_ver_2;roa_locus_4809_iso_5_len_1751_ver_2;roa_locus_48399_iso_2_len_899_ver_2;roa_locus_50017_iso_1_len_797_ver_2;roa_locus_5013_iso_2_len_1540_ver_2;roa_locus_50569_iso_1_len_326_ver_2;roa_locus_5184_iso_1_len_1720_ver_2;roa_locus_5207_iso_1_len_1917_ver_2;roa_locus_5259_iso_6_len_2777_ver_2;roa_locus_5355_iso_1_len_1908_ver_2;roa_locus_5420_iso_1_len_1634_ver_2;roa_locus_54416_iso_1_len_863_ver_2;roa_locus_5654_iso_4_len_1936_ver_2;roa_locus_58457_iso_1_len_447_ver_2;roa_locus_59640_iso_1_len_632_ver_2;roa_locus_59796_iso_1_len_407_ver_2;roa_locus_60749_iso_1_len_540_ver_2;roa_locus_63301_iso_1_len_491_ver_2;roa_locus_63449_iso_3_len_809_ver_2;roa_locus_6413_iso_3_len_1032_ver_2;roa_locus_64592_iso_1_len_622_ver_2;roa_locus_64774_iso_1_len_337_ver_2;roa_locus_66089_iso_1_len_302_ver_2;roa_locus_66887_iso_1_len_437_ver_2;roa_locus_670_iso_4_len_1989_ver_2;roa_locus_6766_iso_1_len_1780_ver_2;roa_locus_67825_iso_1_len_992_ver_2;roa_locus_6904_iso_2_len_1777_ver_2;roa_locus_6908_iso_1_len_1767_ver_2;roa_locus_6946_iso_2_len_677_ver_2;roa_locus_6997_iso_8_len_2312_ver_2;roa_locus_7013_iso_1_len_764_ver_2;roa_locus_70266_iso_1_len_1728_ver_2;roa_locus_70388_iso_1_len_1716_ver_2;roa_locus_70725_iso_1_len_1929_ver_2;roa_locus_70850_iso_1_len_1052_ver_2;roa_locus_71278_iso_1_len_1668_ver_2;roa_locus_71559_iso_1_len_1590_ver_2;roa_locus_71651_iso_2_len_1345_ver_2;roa_locus_7177_iso_5_len_2282_ver_2;roa_locus_71964_iso_1_len_431_ver_2;roa_locus_72244_iso_1_len_642_ver_2;roa_locus_72339_iso_1_len_316_ver_2;roa_locus_72683_iso_1_len_650_ver_2;roa_locus_7289_iso_3_len_1813_ver_2;roa_locus_7349_iso_6_len_1840_ver_2;roa_locus_73660_iso_1_len_452_ver_2;roa_locus_7381_iso_7_len_946_ver_2;roa_locus_73832_iso_1_len_1653_ver_2;roa_locus_73838_iso_1_len_1234_ver_2;roa_locus_75016_iso_1_len_335_ver_2;roa_locus_7652_iso_2_len_1703_ver_2;roa_locus_774_iso_5_len_1761_ver_2;roa_locus_7775_iso_4_len_1855_ver_2;roa_locus_77933_iso_1_len_352_ver_2;roa_locus_7818_iso_3_len_1943_ver_2;roa_locus_78465_iso_1_len_284_ver_2;roa_locus_8069_iso_5_len_1746_ver_2;roa_locus_8200_iso_1_len_1679_ver_2;roa_locus_820_iso_6_len_1693_ver_2;roa_locus_8218_iso_3_len_975_ver_2;roa_locus_827_iso_8_len_1672_ver_2;roa_locus_83951_iso_1_len_497_ver_2;roa_locus_8456_iso_2_len_2166_ver_2;roa_locus_84824_iso_1_len_278_ver_2;roa_locus_8533_iso_1_len_1705_ver_2;roa_locus_85_iso_6_len_1694_ver_2;roa_locus_86044_iso_1_len_386_ver_2;roa_locus_87062_iso_1_len_295_ver_2;roa_locus_8727_iso_3_len_1935_ver_2;roa_locus_8741_iso_2_len_1828_ver_2;roa_locus_88223_iso_1_len_805_ver_2;roa_locus_9001_iso_9_len_1932_ver_2;roa_locus_9003_iso_4_len_1834_ver_2;roa_locus_9037_iso_6_len_1850_ver_2;roa_locus_9175_iso_4_len_685_ver_2;roa_locus_9379_iso_4_len_2046_ver_2;roa_locus_9391_iso_4_len_1736_ver_2;roa_locus_9394_iso_5_len_2471_ver_2;roa_locus_9438_iso_6_len_3541_ver_2;roa_locus_9617_iso_3_len_2136_ver_2;roa_locus_9775_iso_1_len_1485_ver_2;roa_locus_9865_iso_2_len_1708_ver_2;roa_locus_986_iso_3_len_2037_ver_2
ROA_AJ;3.52;4.09;4.6;3.97;7.0;5.09;-0.06;0.73;5.0;5.83;5.06;0.0;0.27;0.0;3.09;0.0;3.56;4.86;3.04;5.62;4.56;4.59;-0.98;0.0;5.17;0.0;1.47;0.34;0.0;1.06;0.61;7.42;1.64;4.34;6.74;-0.19;3.78;4.4;2.56;3.17;1.81;3.57;0.0;0.0;1.06;0.0;3.74;1.26;1.21;7.12;5.33;4.02;0.89;2.86;8.29;4.92;2.97;4.85;0.55;4.66;0.0;-0.52;0.36;7.66;0.0;0.26;0.06;4.26;0.0;1.78;4.36;7.26;2.99;5.9;0.0;5.53;1.77;0.0;3.17;0.0;3.72;7.76;6.99;0.0;3.24;4.99;5.14;6.48;0.0;0.0;6.98;0.0;3.36;0.98;-1.21;1.55;1.07;6.95;1.47;0.89;3.16;3.92;5.2;0.13;4.63;0.0;1.53;3.65;5.72;0.0;3.94;2.3;4.01;4.93;2.95;8.17;0.0;5.33;5.0;0.0;2.59;5.81;8.47;-0.48;-0.41;0.78;4.27;3.02;8.92;2.44;9.76;2.31;-0.51;0.84;0.0;2.19;2.9;6.73;2.83;1.2;6.55;3.54;0.1;7.32;0.03;2.51;0.55;5.57;3.16;8.24;0.55;4.4;2.4;2.09;3.45;0.0;4.86;0.25;8.27;5.22;6.66;1.32;0.0;5.34;0.0;0.0;8.17;3.92;4.38;0.0;5.26;6.96;0.0;0.0;3.93;4.21;0.0;1.83;1.33;0.0;3.11;0.0;0.0;3.68;0.0;0.41;-1.02;-0.73;0.54;4.83;0.3;0.63;0.0;0.0;0.0;0.0;0.0;0.0;4.06;0.0;0.0;0.0;0.0;2.59;3.69;0.0;8.42;0.0;0.0;0.0;0.0;0.04;5.48;0.0;2.8;0.0;7.14;4.54;4.32;0.99;5.34;2.28;5.24;0.0;7.64;5.89;0.0;0.0;3.21;-0.89;6.22;3.6;2.91;4.53;3.46;5.04;1.1;2.07;1.67;5.75;0.0;0.0;4.15
ROA_AH;2.9;5.93;5.6;5.72;3.45;4.64;-0.01;-0.63;5.48;5.29;6.41;0.0;1.79;0.0;4.68;0.0;4.84;5.45;2.26;-1.02;3.83;0.0;-1.55;0.0;4.7;0.0;0.94;1.11;0.0;0.62;-0.77;6.63;4.6;3.92;0.0;3.63;6.01;5.59;2.65;2.08;3.0;4.77;-0.25;0.0;3.84;0.0;2.75;2.67;0.59;5.58;4.37;4.01;-0.07;3.81;3.32;5.24;2.5;6.26;0.03;-0.82;0.0;2.62;0.47;7.72;-0.13;0.0;-0.09;0.0;0.0;3.67;3.28;5.49;2.52;0.27;0.0;4.32;1.81;0.0;3.95;0.0;6.33;8.57;6.05;0.0;5.44;3.78;2.65;0.0;0.0;0.0;4.38;0.0;4.24;1.91;0.17;1.41;-0.73;0.0;2.26;0.0;8.21;3.25;0.13;-0.62;6.57;0.0;0.0;0.77;0.0;0.0;4.46;1.76;0.95;1.89;6.52;5.04;0.0;6.45;5.31;0.0;0.0;4.85;7.58;1.21;0.0;2.07;0.0;1.72;3.09;0.0;2.59;5.78;0.0;0.0;0.0;2.71;3.69;5.52;2.84;0.0;5.02;0.0;0.0;2.35;0.7;5.41;0.0;2.93;4.06;3.84;-0.6;6.1;2.17;1.26;2.14;0.0;0.0;0.0;0.0;2.21;6.06;0.0;0.0;7.66;0.0;0.0;4.23;3.75;2.74;0.0;4.85;7.04;0.0;0.0;0.0;5.67;0.0;2.15;0.0;0.0;0.0;0.0;0.0;4.09;0.11;-0.02;0.01;-1.02;0.0;6.02;0.0;0.0;0.0;0.0;0.0;0.0;0.0;0.0;5.85;0.0;0.0;0.0;0.0;3.81;5.97;0.0;6.34;0.0;0.0;0.0;-0.96;-0.16;4.34;0.0;4.1;0.0;7.48;5.09;3.98;1.75;6.18;0.0;5.87;0.0;0.0;6.12;0.0;0.0;1.87;0.52;0.0;5.45;2.36;5.33;4.75;5.61;-0.61;3.94;3.05;6.14;0.0;0.0;5.68
ROA_RD;2.69;5.85;9.97;1.84;4.34;5.31;0.16;1.29;3.96;3.47;3.25;0.0;0.54;0.0;4.04;0.0;8.68;4.87;3.25;3.03;4.01;1.04;5.12;0.0;4.2;0.0;0.0;1.87;0.0;1.67;1.15;8.26;-0.87;4.44;3.29;1.86;4.72;4.76;3.05;2.06;2.24;2.94;0.74;0.0;-0.93;0.0;3.69;1.71;1.18;4.49;2.76;2.8;4.7;2.73;5.82;5.35;4.74;3.75;1.67;1.77;0.0;0.0;5.37;6.17;-0.76;2.95;1.5;4.7;0.0;2.55;4.51;1.07;0.58;1.67;0.0;0.0;2.63;0.0;3.23;3.28;0.0;4.9;4.25;0.0;2.34;2.75;2.9;2.26;3.21;2.05;6.24;0.0;1.47;2.81;4.0;-0.72;2.18;4.13;2.5;1.18;2.97;1.66;2.74;0.58;2.41;1.94;0.0;0.2;0.0;0.0;3.49;3.98;2.25;2.53;0.01;3.34;0.0;2.86;3.93;0.0;0.0;5.74;5.78;-0.21;1.61;3.43;0.0;1.05;3.48;1.41;6.82;0.0;0.0;1.46;0.0;0.0;2.18;0.98;1.59;0.0;5.19;1.11;4.65;3.59;2.43;0.0;3.41;1.6;2.74;2.35;1.57;4.01;3.44;3.87;1.49;4.71;1.08;0.0;5.01;0.8;4.55;1.39;0.68;5.05;0.0;0.0;3.78;4.09;2.19;0.0;8.93;7.37;0.0;1.25;0.0;2.64;0.0;3.66;2.09;1.67;0.0;0.0;1.87;3.79;0.0;0.0;4.17;2.8;0.84;3.84;0.94;6.05;5.19;3.72;3.66;4.19;1.83;2.65;4.83;1.8;2.31;2.36;1.91;4.43;0.68;1.81;7.38;2.61;2.65;2.81;4.95;4.21;4.27;2.16;4.96;0.0;5.9;2.86;0.88;2.94;3.79;0.0;3.63;0.0;4.31;6.22;0.0;0.0;8.13;1.03;0.0;4.86;2.16;4.13;8.0;6.66;-0.32;4.86;2.33;4.62;0.0;1.22;3.89
ROA_AL;3.55;4.04;6.0;4.84;0.0;5.47;1.68;0.42;5.95;4.6;6.12;0.0;1.6;0.0;3.29;1.94;3.78;5.07;1.96;4.1;3.79;4.17;0.15;0.0;4.6;0.0;3.7;0.65;0.0;2.35;1.56;7.04;2.73;4.92;5.89;2.68;4.92;5.23;2.53;3.07;0.27;3.1;-0.21;0.0;1.36;0.0;3.39;1.88;1.25;7.29;4.76;3.54;0.51;2.82;8.24;5.13;3.34;5.28;0.26;4.02;0.0;-0.08;1.47;7.35;0.2;0.0;0.75;4.4;0.0;1.01;4.16;5.8;2.47;3.36;0.0;4.54;1.7;0.0;4.35;0.0;5.75;6.74;7.2;0.0;5.08;4.8;3.62;3.09;0.0;0.0;3.72;0.0;2.8;2.6;-1.23;2.15;0.97;5.13;1.47;1.6;5.34;6.91;4.0;-0.57;5.47;0.0;3.3;3.66;0.0;5.58;4.8;4.42;4.13;3.65;4.9;5.3;0.0;4.91;5.5;0.0;5.56;6.1;8.7;1.27;1.15;0.74;0.0;0.0;4.37;4.3;8.89;3.59;0.47;0.85;3.53;2.83;-0.52;5.99;2.71;1.07;6.29;2.74;0.0;7.37;1.42;5.13;1.04;3.52;4.7;3.42;1.48;5.95;0.43;3.56;3.78;2.58;3.87;0.0;7.35;3.48;6.13;1.53;0.0;6.73;0.0;4.87;7.88;4.69;4.09;0.0;5.08;7.46;4.87;1.82;3.29;4.09;3.21;2.23;1.29;0.0;3.32;0.0;0.0;3.74;0.0;5.21;1.51;1.03;0.0;5.11;1.46;0.0;0.0;0.0;0.0;0.0;0.0;0.0;4.84;0.0;0.0;0.0;0.0;0.59;4.13;0.0;8.2;0.0;0.0;0.0;-0.87;0.19;4.95;0.0;2.21;0.0;7.33;4.13;2.5;0.29;5.75;3.08;5.76;0.0;6.77;7.66;4.81;0.0;3.71;0.0;0.0;5.15;2.9;4.4;4.93;5.78;0.11;4.04;2.13;6.19;0.0;0.0;5.76
ROA_AF;3.44;5.3;6.15;5.54;-0.85;5.57;1.54;0.0;4.28;5.05;4.3;0.0;1.47;0.0;5.27;0.0;6.86;5.28;2.92;4.63;2.74;3.07;2.04;0.0;5.57;0.0;3.57;1.14;0.0;3.68;0.0;9.2;1.06;4.56;5.57;4.88;4.97;3.6;2.68;2.39;3.15;4.07;0.0;0.0;1.88;0.0;3.31;1.26;1.15;7.53;4.34;6.03;-0.5;3.28;7.56;5.44;3.41;4.4;-1.28;2.67;0.0;0.0;2.12;8.09;0.18;0.0;0.44;4.62;0.0;1.8;4.25;0.0;1.94;2.59;0.0;5.12;1.09;0.0;5.76;0.0;1.62;7.6;5.21;0.0;5.0;4.17;3.04;4.25;0.0;0.1;1.88;0.0;4.76;2.28;1.5;0.3;-0.25;6.22;4.16;1.4;6.29;6.94;4.03;0.73;6.74;0.0;4.14;5.39;0.0;5.6;2.42;3.44;3.08;2.65;3.41;5.36;0.0;5.14;5.67;0.0;4.75;5.74;7.94;1.29;0.13;2.85;0.0;0.0;0.06;5.18;8.62;3.06;-0.19;0.83;4.37;3.44;5.79;5.44;1.51;0.0;7.35;1.11;-0.82;6.1;1.2;0.0;0.0;3.25;5.72;2.72;1.05;5.2;2.83;2.97;2.26;1.78;1.85;0.0;7.04;2.55;3.72;1.16;0.0;5.32;0.0;5.06;7.46;4.14;3.83;0.0;5.61;6.75;4.6;1.41;1.27;4.21;3.8;1.21;0.19;0.0;2.26;0.0;0.0;4.12;0.39;5.61;0.59;0.21;1.31;4.93;0.85;-0.81;0.0;0.0;0.0;0.0;0.0;0.0;2.99;0.0;0.0;0.0;0.0;3.64;0.88;0.0;7.46;0.0;0.0;0.0;0.0;0.4;4.97;0.0;4.31;0.0;9.04;2.95;3.38;1.4;5.56;4.49;5.63;5.13;6.93;6.44;0.97;5.38;1.73;0.0;0.0;6.03;2.25;4.79;5.62;6.35;-0.04;3.83;1.77;6.56;0.0;0.0;6.29
ROA_AA;3.58;3.73;6.43;4.9;0.0;5.47;1.65;1.01;5.97;4.8;6.33;0.0;1.65;0.0;3.27;1.76;3.94;5.42;2.85;4.59;3.87;4.1;1.82;0.0;4.91;0.0;4.16;0.85;0.0;2.49;1.36;7.69;1.68;4.82;6.51;2.47;4.82;5.03;1.6;3.37;0.17;2.6;0.0;0.0;1.65;0.0;3.26;1.74;1.4;7.46;5.03;3.17;1.31;2.88;8.58;5.14;3.47;5.39;0.12;3.93;0.0;0.4;1.75;7.67;0.0;0.0;0.39;4.41;0.0;1.08;4.21;5.28;2.68;3.76;0.0;5.1;2.11;0.0;4.51;0.0;5.62;6.61;7.74;0.0;4.9;5.02;3.94;4.08;0.0;0.0;3.65;0.0;3.74;3.37;0.0;0.86;1.17;5.84;1.66;2.04;5.56;7.28;4.52;-0.28;5.26;0.0;3.55;3.86;0.0;5.85;5.27;4.65;4.51;3.83;4.74;5.94;0.0;5.03;5.55;0.0;6.08;6.32;8.97;2.07;0.95;0.86;0.0;0.0;4.17;3.95;9.42;2.47;0.91;1.85;3.42;3.15;0.15;6.56;2.87;2.12;7.01;3.74;0.0;7.85;1.44;4.28;1.12;3.23;4.26;4.09;1.75;6.25;0.19;3.72;3.9;2.0;4.25;0.0;8.09;3.83;6.0;1.29;0.0;6.85;0.0;5.33;8.23;4.74;4.0;0.0;5.28;7.5;4.35;1.37;2.92;3.55;3.43;1.54;1.17;0.0;3.51;0.0;1.8;3.84;0.0;5.7;1.32;1.24;0.0;4.87;0.0;0.0;0.0;0.0;0.0;0.0;0.0;0.0;4.27;0.0;0.0;0.0;0.0;0.04;3.77;0.0;8.63;0.0;0.0;0.0;-0.39;0.59;5.29;0.0;2.01;0.0;7.73;4.22;2.27;0.72;6.21;3.68;5.72;0.0;7.36;7.74;4.96;0.0;3.77;0.0;0.0;5.12;2.89;4.72;4.88;5.53;-0.18;3.82;2.16;6.19;0.0;0.0;5.65
ROA_AG;2.81;5.72;7.23;5.04;2.82;5.57;1.78;0.0;4.64;6.09;4.91;0.0;1.08;0.0;5.1;0.0;7.26;5.08;3.29;5.34;4.11;3.77;1.57;0.0;4.8;0.0;3.09;1.4;0.0;4.24;0.0;8.72;-0.66;3.84;6.3;3.18;4.97;0.74;2.49;3.21;-0.23;1.71;-0.97;0.0;1.89;0.0;3.39;0.87;2.11;7.69;3.3;5.46;-0.37;2.31;8.29;4.96;3.47;3.76;-0.18;3.38;0.0;-1.24;1.68;7.86;0.0;0.0;0.39;5.7;0.0;2.24;4.98;2.8;2.74;4.29;0.0;6.11;2.4;0.0;5.91;0.0;0.0;7.36;2.71;2.13;3.78;5.58;4.65;5.46;0.0;-0.93;3.12;0.0;4.92;2.22;3.95;0.0;1.81;6.52;3.8;0.0;3.97;6.26;5.53;0.87;6.75;0.0;4.2;5.51;0.0;5.62;2.65;3.57;3.79;3.55;2.73;6.6;0.64;5.14;5.53;0.0;6.7;6.24;7.79;0.99;-0.18;1.57;2.02;0.0;4.09;5.72;9.71;1.5;-0.07;1.59;4.46;3.45;5.41;6.31;2.0;1.25;7.17;3.02;-0.35;6.72;0.17;0.0;0.61;3.77;5.93;5.34;1.0;3.64;1.2;2.51;3.04;-0.85;2.59;0.0;7.86;0.0;4.15;-0.22;0.0;3.89;0.0;5.27;7.98;4.68;4.85;0.0;4.94;6.26;4.81;1.11;1.54;4.23;3.0;2.61;-0.24;0.0;2.57;0.0;0.0;3.84;0.0;6.17;0.1;0.61;0.34;3.37;0.0;0.97;0.0;0.0;0.0;0.0;0.0;0.0;1.1;0.0;0.0;0.0;0.0;2.23;0.0;0.0;8.03;0.0;0.0;0.0;-2.18;1.04;5.24;0.0;1.85;0.0;8.87;3.15;2.2;0.01;5.92;4.34;5.26;5.73;7.04;6.57;2.32;6.1;2.5;0.0;0.08;6.01;2.7;4.76;5.94;5.07;0.7;3.79;2.42;6.23;0.0;0.0;6.06
ROA_AN;3.76;3.55;5.71;4.89;0.0;5.65;1.18;1.07;5.58;4.36;5.85;0.0;1.81;0.0;3.4;1.44;3.62;5.13;2.55;4.39;3.62;4.65;1.37;0.0;4.49;0.0;3.87;0.23;0.0;2.47;0.95;6.51;1.55;5.0;6.28;2.68;4.62;4.92;2.22;3.23;0.2;2.75;0.05;0.0;1.29;0.0;3.19;1.93;1.32;7.31;5.2;3.8;1.07;2.65;8.4;5.16;3.4;5.27;0.05;3.52;0.0;0.25;1.26;7.5;0.34;0.0;0.32;4.46;0.0;1.04;4.03;5.28;2.19;3.52;0.0;4.8;1.25;0.0;4.24;0.0;5.83;5.91;7.21;0.0;5.05;4.76;3.82;3.88;0.0;0.0;4.02;0.0;3.28;2.85;0.0;2.02;1.33;5.36;1.71;1.81;5.55;6.95;4.19;-0.77;4.55;0.0;3.27;3.74;0.0;5.47;5.17;4.53;4.49;3.58;4.67;5.5;0.0;4.44;5.68;0.0;5.41;6.13;8.82;2.28;0.6;1.0;0.0;0.0;4.18;4.42;9.27;3.4;0.33;1.72;3.98;2.48;0.0;6.15;2.46;2.01;6.37;3.5;0.0;7.62;2.12;5.19;1.22;3.41;4.2;3.56;1.49;5.7;0.54;3.92;3.56;2.27;3.9;0.0;7.86;3.87;5.8;1.97;0.0;6.76;0.0;4.91;8.03;4.7;3.8;0.0;5.43;7.23;4.92;1.61;3.33;4.01;3.26;1.0;0.91;0.0;3.7;0.0;0.0;3.61;-0.8;5.41;1.24;1.08;0.77;4.9;0.91;0.0;0.0;0.0;0.0;0.0;0.0;0.0;4.71;0.0;0.0;0.0;0.0;0.53;3.52;0.0;8.2;0.0;0.0;0.0;-0.24;0.49;4.83;0.0;1.76;0.0;6.91;3.91;1.87;0.44;5.69;3.42;5.81;0.0;7.3;7.34;4.89;0.0;3.66;0.0;0.0;4.88;2.64;4.49;4.35;6.03;0.69;3.96;2.12;6.26;0.0;0.0;5.78
SEQUENCE ID;roa_locus_10436_iso_7_len_1839_ver_2;roa_locus_10621_iso_6_len_1748_ver_2;roa_locus_10630_iso_1_len_404_ver_2;roa_locus_10657_iso_2_len_1512_ver_2;roa_locus_10658_iso_1_len_2154_ver_2;roa_locus_1078_iso_6_len_1916_ver_2;roa_locus_11185_iso_2_len_1712_ver_2;roa_locus_11199_iso_4_len_1361_ver_2;roa_locus_11263_iso_4_len_1380_ver_2;roa_locus_11311_iso_1_len_1817_ver_2;roa_locus_11313_iso_2_len_1664_ver_2;roa_locus_11315_iso_1_len_1325_ver_2;roa_locus_11714_iso_3_len_1898_ver_2;roa_locus_11831_iso_9_len_1773_ver_2;roa_locus_11997_iso_6_len_2005_ver_2;roa_locus_12046_iso_1_len_1860_ver_2;roa_locus_12362_iso_7_len_866_ver_2;roa_locus_1241_iso_3_len_1559_ver_2;roa_locus_12477_iso_2_len_1721_ver_2;roa_locus_12615_iso_1_len_1830_ver_2;roa_locus_12647_iso_3_len_1840_ver_2;roa_locus_12670_iso_1_len_640_ver_2;roa_locus_12768_iso_6_len_2544_ver_2;roa_locus_13044_iso_1_len_807_ver_2;roa_locus_13132_iso_4_len_1643_ver_2;roa_locus_13283_iso_1_len_582_ver_2;roa_locus_13526_iso_1_len_1594_ver_2;roa_locus_13641_iso_7_len_1983_ver_2;roa_locus_13696_iso_2_len_515_ver_2;roa_locus_14140_iso_4_len_1538_ver_2;roa_locus_14176_iso_5_len_1791_ver_2;roa_locus_14205_iso_4_len_528_ver_2;roa_locus_14217_iso_1_len_1747_ver_2;roa_locus_14414_iso_2_len_1287_ver_2;roa_locus_14463_iso_1_len_747_ver_2;roa_locus_14480_iso_1_len_1563_ver_2;roa_locus_14501_iso_2_len_1851_ver_2;roa_locus_14706_iso_4_len_1814_ver_2;roa_locus_14712_iso_5_len_2800_ver_2;roa_locus_14790_iso_1_len_1751_ver_2;roa_locus_14849_iso_1_len_1783_ver_2;roa_locus_1486_iso_1_len_1791_ver_2;roa_locus_15464_iso_3_len_1362_ver_2;roa_locus_15578_iso_1_len_476_ver_2;roa_locus_15594_iso_1_len_1651_ver_2;roa_locus_15661_iso_1_len_289_ver_2;roa_locus_15689_iso_1_len_1667_ver_2;roa_locus_15949_iso_9_len_1594_ver_2;roa_locus_16225_iso_1_len_1685_ver_2;roa_locus_16354_iso_4_len_1850_ver_2;roa_locus_16407_iso_1_len_1852_ver_2;roa_locus_16720_iso_6_len_2070_ver_2;roa_locus_17595_iso_1_len_1648_ver_2;roa_locus_1784_iso_5_len_1905_ver_2;roa_locus_17891_iso_5_len_2403_ver_2;roa_locus_18210_iso_1_len_1816_ver_2;roa_locus_1929_iso_3_len_2091_ver_2;roa_locus_192_iso_9_len_1704_ver_2;roa_locus_19452_iso_3_len_1718_ver_2;roa_locus_19500_iso_4_len_1703_ver_2;roa_locus_19529_iso_1_len_630_ver_2;roa_locus_19912_iso_1_len_1956_ver_2;roa_locus_20239_iso_1_len_1833_ver_2;roa_locus_20801_iso_4_len_3382_ver_2;roa_locus_20825_iso_1_len_1623_ver_2;roa_locus_21056_iso_1_len_1534_ver_2;roa_locus_2150_iso_6_len_1863_ver_2;roa_locus_21902_iso_1_len_1868_ver_2;roa_locus_22005_iso_1_len_333_ver_2;roa_locus_22370_iso_1_len_1364_ver_2;roa_locus_2248_iso_7_len_2739_ver_2;roa_locus_22937_iso_2_len_1738_ver_2;roa_locus_2301_iso_6_len_1855_ver_2;roa_locus_23380_iso_1_len_1671_ver_2;roa_locus_23390_iso_1_len_706_ver_2;roa_locus_23469_iso_1_len_1916_ver_2;roa_locus_23611_iso_3_len_1304_ver_2;roa_locus_23697_iso_1_len_608_ver_2;roa_locus_24013_iso_1_len_1680_ver_2;roa_locus_24020_iso_1_len_1630_ver_2;roa_locus_24523_iso_1_len_978_ver_2;roa_locus_248_iso_6_len_1937_ver_2;roa_locus_2513_iso_3_len_1700_ver_2;roa_locus_25250_iso_1_len_282_ver_2;roa_locus_2533_iso_10_len_1765_ver_2;roa_locus_2562_iso_2_len_1707_ver_2;roa_locus_25641_iso_2_len_1759_ver_2;roa_locus_25918_iso_1_len_1218_ver_2;roa_locus_26608_iso_2_len_811_ver_2;roa_locus_26683_iso_1_len_677_ver_2;roa_locus_2708_iso_1_len_1946_ver_2;roa_locus_27803_iso_1_len_466_ver_2;roa_locus_27879_iso_3_len_761_ver_2;roa_locus_27936_iso_1_len_1586_ver_2;roa_locus_2806_iso_3_len_1939_ver_2;roa_locus_28322_iso_1_len_1579_ver_2;roa_locus_28460_iso_1_len_1595_ver_2;roa_locus_28627_iso_1_len_1672_ver_2;roa_locus_28648_iso_5_len_2346_ver_2;roa_locus_28781_iso_3_len_478_ver_2;roa_locus_2888_iso_2_len_276_ver_2;roa_locus_29182_iso_1_len_1728_ver_2;roa_locus_29629_iso_1_len_1754_ver_2;roa_locus_29931_iso_2_len_1745_ver_2;roa_locus_30156_iso_3_len_1766_ver_2;roa_locus_30299_iso_1_len_312_ver_2;roa_locus_30310_iso_1_len_395_ver_2;roa_locus_30843_iso_1_len_1088_ver_2;roa_locus_31341_iso_1_len_478_ver_2;roa_locus_31503_iso_3_len_1650_ver_2;roa_locus_31614_iso_1_len_1796_ver_2;roa_locus_3224_iso_4_len_1799_ver_2;roa_locus_32351_iso_4_len_2319_ver_2;roa_locus_32493_iso_2_len_1960_ver_2;roa_locus_3339_iso_1_len_1307_ver_2;roa_locus_33403_iso_2_len_1793_ver_2;roa_locus_33777_iso_1_len_280_ver_2;roa_locus_34034_iso_1_len_1451_ver_2;roa_locus_3405_iso_7_len_2052_ver_2;roa_locus_34127_iso_1_len_371_ver_2;roa_locus_34204_iso_1_len_370_ver_2;roa_locus_3433_iso_6_len_2188_ver_2;roa_locus_34445_iso_10_len_1528_ver_2;roa_locus_34490_iso_1_len_1706_ver_2;roa_locus_34687_iso_3_len_725_ver_2;roa_locus_3469_iso_2_len_1814_ver_2;roa_locus_35394_iso_1_len_351_ver_2;roa_locus_35676_iso_1_len_476_ver_2;roa_locus_36465_iso_2_len_1623_ver_2;roa_locus_36583_iso_1_len_543_ver_2;roa_locus_3663_iso_2_len_1857_ver_2;roa_locus_36895_iso_1_len_441_ver_2;roa_locus_37544_iso_1_len_1415_ver_2;roa_locus_37831_iso_1_len_618_ver_2;roa_locus_38656_iso_1_len_324_ver_2;roa_locus_38692_iso_1_len_493_ver_2;roa_locus_38945_iso_1_len_1815_ver_2;roa_locus_396_iso_1_len_1672_ver_2;roa_locus_39732_iso_3_len_1919_ver_2;roa_locus_39987_iso_1_len_489_ver_2;roa_locus_40418_iso_4_len_2012_ver_2;roa_locus_40464_iso_4_len_996_ver_2;roa_locus_40592_iso_1_len_1500_ver_2;roa_locus_40847_iso_2_len_1919_ver_2;roa_locus_40897_iso_1_len_1718_ver_2;roa_locus_40976_iso_1_len_571_ver_2;roa_locus_41341_iso_1_len_1717_ver_2;roa_locus_41373_iso_1_len_1357_ver_2;roa_locus_4225_iso_5_len_1700_ver_2;roa_locus_42299_iso_1_len_1732_ver_2;roa_locus_42686_iso_3_len_1336_ver_2;roa_locus_4328_iso_2_len_1740_ver_2;roa_locus_43366_iso_1_len_1638_ver_2;roa_locus_4381_iso_3_len_1753_ver_2;roa_locus_43907_iso_1_len_606_ver_2;roa_locus_44465_iso_1_len_2106_ver_2;roa_locus_47149_iso_1_len_980_ver_2;roa_locus_47372_iso_1_len_1165_ver_2;roa_locus_4766_iso_5_len_1714_ver_2;roa_locus_4799_iso_3_len_1603_ver_2;roa_locus_4809_iso_5_len_1751_ver_2;roa_locus_48399_iso_2_len_899_ver_2;roa_locus_50017_iso_1_len_797_ver_2;roa_locus_5013_iso_2_len_1540_ver_2;roa_locus_50569_iso_1_len_326_ver_2;roa_locus_5184_iso_1_len_1720_ver_2;roa_locus_5207_iso_1_len_1917_ver_2;roa_locus_5259_iso_6_len_2777_ver_2;roa_locus_5355_iso_1_len_1908_ver_2;roa_locus_5420_iso_1_len_1634_ver_2;roa_locus_54416_iso_1_len_863_ver_2;roa_locus_5654_iso_4_len_1936_ver_2;roa_locus_58457_iso_1_len_447_ver_2;roa_locus_59640_iso_1_len_632_ver_2;roa_locus_59796_iso_1_len_407_ver_2;roa_locus_60749_iso_1_len_540_ver_2;roa_locus_63301_iso_1_len_491_ver_2;roa_locus_63449_iso_3_len_809_ver_2;roa_locus_6413_iso_3_len_1032_ver_2;roa_locus_64592_iso_1_len_622_ver_2;roa_locus_64774_iso_1_len_337_ver_2;roa_locus_66089_iso_1_len_302_ver_2;roa_locus_66887_iso_1_len_437_ver_2;roa_locus_670_iso_4_len_1989_ver_2;roa_locus_6766_iso_1_len_1780_ver_2;roa_locus_67825_iso_1_len_992_ver_2;roa_locus_6904_iso_2_len_1777_ver_2;roa_locus_6908_iso_1_len_1767_ver_2;roa_locus_6946_iso_2_len_677_ver_2;roa_locus_6997_iso_8_len_2312_ver_2;roa_locus_7013_iso_1_len_764_ver_2;roa_locus_70266_iso_1_len_1728_ver_2;roa_locus_70388_iso_1_len_1716_ver_2;roa_locus_70725_iso_1_len_1929_ver_2;roa_locus_70850_iso_1_len_1052_ver_2;roa_locus_71278_iso_1_len_1668_ver_2;roa_locus_71559_iso_1_len_1590_ver_2;roa_locus_71651_iso_2_len_1345_ver_2;roa_locus_7177_iso_5_len_2282_ver_2;roa_locus_71964_iso_1_len_431_ver_2;roa_locus_72244_iso_1_len_642_ver_2;roa_locus_72339_iso_1_len_316_ver_2;roa_locus_72683_iso_1_len_650_ver_2;roa_locus_7289_iso_3_len_1813_ver_2;roa_locus_7349_iso_6_len_1840_ver_2;roa_locus_73660_iso_1_len_452_ver_2;roa_locus_7381_iso_7_len_946_ver_2;roa_locus_73832_iso_1_len_1653_ver_2;roa_locus_73838_iso_1_len_1234_ver_2;roa_locus_75016_iso_1_len_335_ver_2;roa_locus_7652_iso_2_len_1703_ver_2;roa_locus_774_iso_5_len_1761_ver_2;roa_locus_7775_iso_4_len_1855_ver_2;roa_locus_77933_iso_1_len_352_ver_2;roa_locus_7818_iso_3_len_1943_ver_2;roa_locus_78465_iso_1_len_284_ver_2;roa_locus_8069_iso_5_len_1746_ver_2;roa_locus_8200_iso_1_len_1679_ver_2;roa_locus_820_iso_6_len_1693_ver_2;roa_locus_8218_iso_3_len_975_ver_2;roa_locus_827_iso_8_len_1672_ver_2;roa_locus_83951_iso_1_len_497_ver_2;roa_locus_8456_iso_2_len_2166_ver_2;roa_locus_84824_iso_1_len_278_ver_2;roa_locus_8533_iso_1_len_1705_ver_2;roa_locus_85_iso_6_len_1694_ver_2;roa_locus_86044_iso_1_len_386_ver_2;roa_locus_87062_iso_1_len_295_ver_2;roa_locus_8727_iso_3_len_1935_ver_2;roa_locus_8741_iso_2_len_1828_ver_2;roa_locus_88223_iso_1_len_805_ver_2;roa_locus_9001_iso_9_len_1932_ver_2;roa_locus_9003_iso_4_len_1834_ver_2;roa_locus_9037_iso_6_len_1850_ver_2;roa_locus_9175_iso_4_len_685_ver_2;roa_locus_9379_iso_4_len_2046_ver_2;roa_locus_9391_iso_4_len_1736_ver_2;roa_locus_9394_iso_5_len_2471_ver_2;roa_locus_9438_iso_6_len_3541_ver_2;roa_locus_9617_iso_3_len_2136_ver_2;roa_locus_9775_iso_1_len_1485_ver_2;roa_locus_9865_iso_2_len_1708_ver_2;roa_locus_986_iso_3_len_2037_ver_2
ROA_RC;1.13;-0.67;3.82;-0.71;0.0;6.7;5.23;0.0;3.67;3.7;1.93;0.0;4.3;1.28;1.88;2.27;0.0;6.08;4.46;0.0;0.95;1.48;3.16;0.0;3.1;0.0;0.0;2.49;0.0;0.58;2.88;7.08;3.16;0.12;2.31;0.0;0.0;0.94;2.95;3.94;3.88;3.0;2.62;0.0;1.29;0.0;4.67;2.28;2.98;5.54;6.41;4.31;0.0;4.23;3.9;6.69;5.59;0.0;3.88;0.64;0.0;4.79;3.13;1.72;0.03;0.0;5.37;0.0;0.0;1.03;5.65;0.0;6.63;0.0;1.61;2.87;0.0;0.0;1.66;0.0;0.0;3.5;-0.4;0.0;7.01;4.08;0.0;0.0;0.0;0.0;3.22;0.0;2.2;0.0;5.67;3.65;2.93;0.0;5.94;1.26;10.54;1.83;2.51;-0.08;3.83;0.0;0.0;0.0;0.0;3.46;4.64;6.46;1.23;6.92;0.0;2.87;0.0;0.55;2.71;1.56;0.0;6.18;7.46;3.7;2.84;5.81;0.0;0.0;-0.05;0.0;6.78;0.0;0.0;0.0;0.0;2.14;0.0;0.77;3.71;0.0;5.01;0.69;3.33;2.77;3.16;0.0;5.0;4.39;3.45;1.4;2.46;4.71;1.49;6.8;2.1;0.0;0.0;1.69;-0.22;0.0;5.22;1.41;0.54;6.55;0.0;3.11;2.96;6.82;3.46;1.46;0.74;4.13;0.0;0.0;0.0;0.0;0.0;0.0;2.31;0.0;0.0;0.0;0.0;4.86;2.74;0.0;4.58;1.77;2.39;4.22;1.73;0.0;0.0;0.0;0.0;0.0;0.0;0.0;6.19;0.0;0.0;0.0;0.0;-0.99;5.89;0.0;7.67;0.0;0.0;0.0;3.92;6.42;7.32;0.0;6.08;0.0;6.81;1.36;3.21;8.36;5.85;0.0;3.76;0.0;0.0;6.97;0.0;0.0;0.72;-0.07;0.0;4.08;3.51;3.5;2.37;6.9;3.48;3.88;5.25;3.24;-0.42;3.88;0.0
ROA_AC;3.62;5.14;6.52;5.05;-0.58;6.61;1.98;0.0;4.58;4.4;5.35;0.0;0.92;0.0;4.12;0.0;5.05;5.45;1.92;4.44;2.95;4.39;1.66;0.0;5.01;0.0;3.56;1.11;0.0;0.28;1.89;8.96;1.39;4.6;5.84;1.18;4.37;3.99;1.83;2.48;2.97;4.27;-0.83;0.0;0.95;0.0;2.68;1.2;1.77;8.12;4.05;5.37;2.69;3.16;8.96;5.43;3.14;5.62;-0.94;5.39;0.0;0.0;2.06;8.53;-0.46;0.0;-0.23;4.02;0.0;1.43;4.4;1.65;1.97;3.79;0.0;6.77;2.06;0.0;6.09;-1.03;0.0;6.89;4.83;2.38;5.3;2.66;2.17;2.33;0.0;0.0;2.66;0.0;2.25;3.74;1.8;-0.23;1.36;6.69;2.91;1.81;5.69;3.64;4.48;-0.75;7.77;0.0;4.96;4.16;0.0;-0.88;2.98;3.24;4.57;2.31;4.44;5.66;0.0;4.5;5.96;0.0;3.86;5.56;9.05;2.17;0.4;3.81;0.0;2.05;4.13;5.28;9.05;3.98;4.31;1.7;4.52;1.76;5.05;5.91;1.81;1.34;7.17;2.61;1.06;7.55;0.12;0.0;-0.05;2.69;5.11;3.92;2.24;5.05;0.79;3.01;2.17;1.42;2.55;0.0;7.36;1.84;2.78;1.78;0.0;3.79;3.25;0.0;8.51;3.18;4.25;0.0;6.24;5.86;0.0;0.0;2.12;4.31;0.0;2.37;1.25;0.0;4.52;0.0;0.0;3.48;0.0;0.0;1.08;0.13;1.82;4.39;0.74;0.0;0.0;0.0;0.0;0.0;0.0;0.0;2.41;0.0;0.0;0.0;0.0;3.2;0.22;0.0;8.31;0.0;0.0;0.0;0.0;-0.92;3.79;0.0;3.33;0.0;9.06;3.66;1.43;1.11;4.98;3.7;6.09;0.0;7.07;4.11;3.48;0.0;1.97;0.0;0.0;4.63;-0.15;4.53;5.77;5.84;0.78;3.17;2.48;6.36;0.0;0.0;6.24
ROA_AE;4.07;4.84;6.5;5.31;0.0;6.35;0.32;0.0;4.73;4.73;5.9;0.0;0.91;0.0;4.62;0.94;6.0;5.26;2.9;4.72;2.75;4.01;1.59;0.0;5.54;0.0;3.82;-0.1;0.0;0.0;0.52;8.78;0.0;5.21;6.28;1.41;4.48;3.67;1.5;1.91;2.46;4.85;0.0;0.0;2.13;0.0;4.28;1.38;0.96;8.53;3.13;4.85;1.7;2.53;9.41;6.84;3.29;6.18;0.0;4.73;0.0;0.0;2.04;8.58;0.0;0.0;0.38;0.0;0.0;3.35;4.39;2.46;2.23;3.39;0.0;6.36;1.57;0.0;5.42;0.0;0.0;6.81;6.94;0.0;3.52;4.14;3.99;3.73;0.0;0.0;2.83;0.0;4.1;0.0;1.4;1.0;0.84;6.17;3.56;1.79;0.0;3.63;4.64;0.64;5.28;0.0;0.0;2.61;0.0;4.46;3.65;2.41;4.52;2.69;5.05;5.73;0.0;5.66;5.63;0.0;4.74;5.95;9.14;0.59;0.0;3.72;0.0;4.32;2.9;2.04;9.07;5.32;-0.6;0.0;0.0;3.19;5.72;6.64;3.17;2.3;7.7;2.92;0.0;7.58;1.8;0.0;0.5;3.51;4.37;3.87;2.38;5.44;0.0;1.08;3.03;-0.43;3.13;0.0;7.75;3.74;3.67;2.54;0.0;5.23;0.0;2.27;9.05;4.12;4.2;0.0;6.06;6.15;3.96;0.0;3.98;6.0;0.0;2.66;1.34;0.0;3.67;0.0;0.0;3.4;-0.32;4.51;0.72;-0.17;2.19;5.28;0.94;0.0;0.0;0.0;0.0;0.0;0.0;0.0;2.56;0.0;0.0;0.0;0.0;4.53;1.74;0.0;8.28;0.0;0.0;0.0;0.0;-0.5;3.98;0.0;2.87;0.0;9.04;3.5;4.15;0.0;5.67;1.97;5.29;0.0;7.04;5.85;3.53;0.0;2.73;0.0;0.0;5.37;2.36;4.56;5.03;5.09;-0.09;3.55;2.11;6.17;0.0;0.0;5.42
ROA_AI;2.17;2.98;3.06;1.12;7.66;7.72;1.1;0.0;4.79;6.46;4.47;0.0;1.3;0.0;1.08;0.05;1.08;4.56;2.3;2.65;2.16;0.82;-0.36;0.0;5.24;0.0;3.72;1.2;0.0;-1.26;0.37;8.28;2.29;0.71;2.78;0.0;3.82;3.12;2.52;3.79;2.79;2.03;-0.31;1.0;-1.03;3.23;4.18;1.15;2.07;7.33;2.79;1.88;-0.82;3.92;4.66;6.04;3.98;0.27;1.67;1.32;0.0;-0.29;2.45;4.73;-1.2;-0.58;1.98;2.7;0.0;0.0;4.54;5.17;4.91;4.14;0.0;2.96;2.38;0.0;2.12;0.0;0.0;4.55;4.06;0.0;5.66;7.27;2.17;1.72;0.0;0.0;7.36;0.0;2.14;2.74;0.0;0.47;1.78;2.73;0.24;4.27;3.96;3.29;4.07;-0.31;3.97;0.0;0.0;3.88;5.77;-1.04;3.92;3.03;1.61;4.83;1.71;8.42;0.0;8.47;3.62;0.0;0.0;6.06;7.67;0.0;0.54;-0.18;4.37;1.83;6.03;0.79;6.32;0.77;-0.29;0.0;0.0;0.0;0.0;3.62;6.39;0.0;4.58;-0.03;1.52;3.43;1.24;0.0;2.92;4.79;3.8;7.68;5.2;4.37;3.22;5.25;5.45;0.0;0.87;3.51;4.44;3.71;7.5;3.58;0.0;5.35;0.0;-1.28;4.76;4.76;4.06;1.56;2.88;4.97;0.0;0.0;0.0;7.67;0.0;2.08;4.14;0.0;0.0;0.0;0.0;4.39;4.06;-0.12;2.57;0.86;5.21;4.57;1.22;-0.43;0.0;0.0;0.0;0.0;0.0;0.0;4.35;0.0;0.0;0.0;0.0;5.58;2.68;0.0;6.61;0.0;0.0;0.0;1.03;2.53;6.16;0.0;3.26;0.0;6.82;3.74;1.88;2.96;4.22;3.03;4.63;0.0;3.63;5.7;0.0;0.0;0.39;5.11;5.88;3.25;3.24;3.6;1.58;5.51;2.18;4.65;4.58;4.93;0.0;0.0;1.27
ROA_AB;3.5;5.75;7.37;5.53;-1.5;6.0;2.74;0.0;4.37;4.54;4.9;0.0;1.08;0.0;5.55;1.73;5.9;5.01;2.65;4.85;4.06;4.11;1.41;0.0;4.09;0.0;4.31;1.8;0.0;3.42;0.0;9.01;1.72;4.91;5.62;5.08;4.2;2.7;2.17;3.63;1.49;2.0;0.0;0.0;2.8;0.0;2.71;1.07;1.01;8.14;3.5;5.79;0.21;2.05;8.71;5.25;3.25;2.11;-0.63;2.92;0.0;-0.65;2.17;8.09;0.0;0.0;1.01;3.46;0.0;2.03;4.47;2.22;3.16;1.77;0.0;5.71;0.36;0.0;5.84;1.34;1.79;6.62;2.02;3.69;4.68;4.31;4.17;4.66;0.0;0.0;2.46;0.0;4.14;1.91;0.81;-1.56;2.12;5.72;3.13;0.99;5.9;7.66;5.31;1.02;6.78;0.0;4.57;5.82;0.0;6.41;3.32;3.52;4.57;4.39;2.84;5.44;0.0;5.16;5.53;0.0;4.15;6.16;8.72;1.0;0.51;2.44;0.0;0.0;-0.46;4.87;9.33;2.67;0.0;2.15;4.25;3.29;6.35;5.66;2.48;2.01;7.41;3.6;0.0;7.04;2.28;1.6;0.62;2.8;5.54;3.41;2.35;4.78;1.82;3.83;3.44;0.46;2.53;0.0;7.1;2.94;3.4;1.03;0.0;3.63;3.03;5.1;7.78;3.56;4.95;0.0;5.82;5.96;4.63;0.0;2.4;5.06;3.36;0.3;0.62;0.0;3.76;0.0;0.0;4.28;-0.16;4.78;0.18;1.03;2.12;3.44;0.0;0.0;0.0;0.0;0.0;0.0;0.0;0.0;2.75;0.0;0.0;0.0;0.0;2.56;0.0;0.0;8.28;-0.05;0.0;0.0;0.0;0.19;5.63;0.0;3.16;0.0;9.22;1.73;1.02;2.65;6.01;5.31;5.61;4.44;6.83;4.06;1.44;4.98;1.87;0.0;0.0;6.33;2.19;4.81;6.48;6.19;1.07;3.36;2.69;6.31;0.0;0.0;6.12
ROA_AM;3.56;3.43;6.08;4.38;0.0;5.82;0.7;1.14;5.5;4.22;5.8;0.0;1.77;0.0;2.94;1.81;3.59;5.4;2.79;4.25;3.49;4.54;1.65;0.0;4.84;0.0;3.28;0.51;0.91;1.67;0.86;7.71;0.24;4.77;6.41;1.74;4.15;4.16;2.5;3.11;-0.34;3.0;0.0;0.0;-0.22;0.0;3.44;1.71;1.13;7.68;4.1;3.61;0.78;2.08;8.35;5.04;3.26;5.47;0.0;3.88;0.0;0.0;1.31;7.0;0.01;0.0;-0.4;4.46;0.0;0.45;4.22;4.23;2.56;3.28;0.0;4.75;1.18;0.0;4.73;0.0;3.5;6.51;7.6;0.0;4.15;4.58;4.21;4.33;0.0;0.0;3.62;0.0;3.48;2.85;0.0;2.48;1.48;5.58;1.11;1.4;0.0;7.27;3.94;-0.68;4.32;0.0;2.88;4.13;0.0;5.45;4.55;4.5;4.41;2.94;3.96;5.49;0.0;4.03;5.97;0.0;6.09;6.17;8.48;0.03;1.16;1.03;0.0;0.0;3.1;4.08;9.36;2.24;-0.17;1.94;3.68;3.02;0.46;6.19;2.45;1.91;6.6;3.28;0.0;7.25;1.95;2.8;1.27;3.43;4.58;3.58;1.2;5.45;0.44;3.29;2.98;2.36;3.34;0.0;7.87;3.68;4.85;0.68;0.0;6.27;0.0;4.64;8.33;4.66;4.11;0.0;4.97;7.03;4.39;1.32;2.72;3.45;3.54;1.04;1.58;0.0;3.19;0.0;0.0;3.59;-0.58;5.74;1.1;0.83;0.0;4.78;1.39;0.0;0.0;0.0;0.0;0.0;0.0;0.0;3.04;0.0;0.0;0.0;0.0;0.89;3.36;0.0;8.2;0.0;0.0;0.0;-0.43;0.15;4.88;0.0;1.16;0.0;7.98;4.11;1.64;0.0;5.08;3.5;5.98;0.0;7.42;6.95;4.93;0.0;2.85;0.0;0.0;4.59;1.92;4.42;4.31;5.58;-0.07;3.59;2.18;6.32;0.0;0.0;5.9
PFAM;PF00067.15;PF00067.15;PF00067.15;PF00067.15;PF00067.15;PF00067.15;PF00067.15;PF00067.15;PF00067.15;PF00067.15;PF00067.15;PF00067.15;PF00067.15;PF00067.15;PF00067.15;PF00067.15;PF00067.15;PF00067.15;PF00067.15;PF00067.15;PF00067.15;PF00067.15;PF00067.15;PF00067.15;PF00067.15;PF00067.15;PF00067.15;PF00067.15;PF00067.15;PF00067.15;PF00067.15;PF00067.15;PF00067.15;PF00067.15;PF00067.15;PF00067.15;PF00067.15;PF00067.15;PF00067.15;PF00067.15;PF00067.15;PF00067.15;PF00067.15;PF00067.15;PF00067.15;PF00067.15;PF00067.15;PF00067.15;PF00067.15;PF00067.15;PF00067.15;PF00067.15;PF00067.15;PF00067.15;PF00067.15;PF00067.15;PF00067.15;PF00067.15;PF00067.15;PF00067.15;PF00067.15;PF00067.15;PF00067.15;PF00067.15;PF00067.15;PF00067.15;PF00067.15;PF00067.15;PF00067.15;PF00067.15;PF00067.15;PF00067.15;PF00067.15;PF00067.15;PF00067.15;PF00067.15;PF00067.15;PF00067.15;PF00067.15;PF00067.15;PF00067.15;PF00067.15;PF00067.15;PF00067.15;PF00067.15;PF00067.15;PF00067.15;PF00067.15;PF00067.15;PF00067.15;PF00067.15;PF00067.15;PF00067.15;PF00067.15;PF00067.15;PF00067.15;PF00067.15;PF00067.15;PF00067.15;PF00067.15;PF00067.15;PF00067.15;PF00067.15;PF00067.15;PF00067.15;PF00067.15;PF00067.15;PF00067.15;PF00067.15;PF00067.15;PF00067.15;PF00067.15;PF00067.15;PF00067.15;PF00067.15;PF00067.15;PF00067.15;PF00067.15;PF00067.15;PF00067.15;PF00067.15;PF00067.15;PF00067.15;PF00067.15;PF00067.15;PF00067.15;PF00067.15;PF00067.15;PF00067.15;PF00067.15;PF00067.15;PF00067.15;PF00067.15;PF00067.15;PF00067.15;PF00067.15;PF00067.15;PF00067.15;PF00067.15;PF00067.15;PF00067.15;PF00067.15;PF00067.15;PF00067.15;PF00067.15;PF00067.15;PF00067.15;PF00067.15;PF00067.15;PF00067.15;PF00067.15;PF00067.15;PF00067.15;PF00067.15;PF00067.15;PF00067.15;PF00067.15;PF00067.15;PF00067.15;PF00067.15;PF00067.15;PF00067.15;PF00067.15;PF00067.15;PF00067.15;PF00067.15;PF00067.15;PF00067.15;PF00067.15;PF00067.15;PF00067.15;PF00067.15;PF00067.15;PF00067.15;PF00067.15;PF00067.15;PF00067.15;PF00067.15;PF00067.15;PF00067.15;PF00067.15;PF00067.15;PF00067.15;PF00067.15;PF00067.15;PF00067.15;PF00067.15;PF00067.15;PF00067.15;PF00067.15;PF00067.15;PF00067.15;PF00067.15;PF00067.15;PF00067.15;PF00067.15;PF00067.15;PF00067.15;PF00067.15;PF00067.15;PF00067.15;PF00067.15;PF00067.15;PF00067.15;PF00067.15;PF00067.15;PF00067.15;PF00067.15;PF00067.15;PF00067.15;PF00067.15;PF00067.15;PF00067.15;PF00067.15;PF00067.15;PF00067.15;PF00067.15;PF00067.15;PF00067.15;PF00067.15;PF00067.15;PF00067.15;PF00067.15;PF00067.15;PF00067.15;PF00067.15;PF00067.15;PF00067.15;PF00067.15;PF00067.15;PF00067.15;PF00067.15;PF00067.15;PF00067.15;PF00067.15;PF00067.15;PF00067.15;PF00067.15;PF00067.15;PF00067.15;PF00067.15;PF00067.15;PF00067.15
ROA_AD;3.2;4.05;5.37;4.92;0.42;6.97;3.22;0.81;5.72;4.87;4.87;0.0;1.02;0.0;4.87;0.0;0.84;4.81;2.87;5.04;2.92;4.19;0.78;0.0;5.42;0.0;4.79;0.58;1.38;0.98;2.92;9.91;2.19;5.85;5.63;4.36;2.54;4.1;1.91;3.25;2.65;0.25;0.0;0.0;2.8;1.67;3.42;0.25;0.34;8.54;4.57;5.16;3.93;2.63;8.7;5.03;3.05;5.25;1.65;2.93;0.0;-1.02;2.52;8.3;0.0;0.0;0.97;6.4;0.0;2.88;5.7;0.66;1.8;2.77;0.0;6.75;2.93;0.0;5.15;0.0;0.1;5.83;6.24;0.0;4.65;4.5;3.67;4.75;0.0;0.0;1.41;0.0;3.91;5.41;3.2;1.47;1.08;6.62;3.14;2.53;5.95;4.43;5.24;-0.2;7.57;0.0;3.28;5.51;0.0;-0.06;2.83;3.07;4.26;3.23;6.05;6.48;0.0;5.44;5.62;0.0;6.25;5.8;9.09;-1.17;-0.04;3.93;0.0;3.07;5.05;3.39;10.07;5.86;7.91;2.59;2.6;2.85;4.04;7.26;3.62;0.0;7.76;2.38;-0.44;7.57;0.0;0.0;-0.18;2.42;4.72;4.49;2.73;3.78;1.45;4.22;4.57;-1.48;1.81;0.0;7.45;2.1;3.55;2.32;0.0;4.13;1.21;3.66;8.42;3.71;4.43;0.0;5.82;5.7;2.64;0.31;1.53;5.53;0.0;3.25;2.28;0.0;3.39;0.0;0.0;4.43;1.53;2.22;0.31;-1.36;2.03;0.62;0.96;1.52;0.0;0.0;0.0;0.0;0.0;0.0;3.69;0.0;0.0;0.0;0.72;3.81;-0.16;0.0;7.98;0.0;0.0;0.0;0.1;0.54;4.69;0.0;3.37;0.0;9.96;3.65;3.55;1.2;4.99;4.82;5.61;5.07;7.09;7.23;7.2;5.48;2.67;0.61;0.0;5.52;-0.15;4.32;4.6;5.11;1.52;3.03;1.96;6.12;0.0;-0.82;5.84
ROA_AO;4.24;4.87;6.34;5.2;0.0;6.47;0.65;-0.26;4.89;4.54;6.12;0.0;1.03;0.0;4.49;0.89;5.81;5.04;2.92;4.92;2.94;3.95;1.54;0.0;5.63;0.0;3.92;-0.04;0.0;0.08;-0.36;8.86;0.0;5.5;6.23;1.84;4.51;3.49;1.64;1.73;2.36;4.67;0.0;0.0;2.09;0.0;4.35;0.64;1.24;8.7;2.96;4.71;1.26;2.61;9.59;7.01;2.88;6.12;0.0;4.75;0.0;0.0;1.82;8.78;0.0;0.0;0.47;0.0;0.0;3.11;4.45;2.97;1.8;3.66;0.0;6.52;2.32;0.0;5.21;0.0;0.0;6.73;6.98;0.0;3.55;4.4;4.07;3.96;0.0;0.0;2.28;0.0;3.88;0.52;1.56;1.4;0.97;6.47;3.31;2.68;0.0;4.07;4.84;0.89;5.51;0.0;2.31;2.14;0.0;4.55;3.94;2.42;4.73;3.2;5.19;5.97;0.0;5.86;5.53;0.0;4.1;5.92;9.34;0.87;0.0;3.73;0.0;4.02;3.03;1.54;9.12;5.4;-0.39;1.34;0.0;2.74;5.72;6.88;3.17;2.98;7.97;2.84;0.0;7.75;2.12;0.0;1.01;3.61;4.33;4.22;2.93;5.54;0.0;1.73;3.42;-0.12;3.21;0.0;7.77;3.41;3.74;2.55;0.0;5.23;0.0;2.7;9.24;3.99;4.14;0.0;6.04;5.99;3.99;0.0;3.73;6.31;0.0;2.62;0.89;0.0;3.85;0.0;0.0;3.42;0.0;4.32;0.68;0.05;2.66;5.33;0.91;0.0;0.0;0.0;0.0;0.0;0.0;0.0;2.33;0.0;0.0;0.0;0.0;4.4;1.23;0.0;8.25;0.0;0.0;0.0;0.0;-0.94;4.19;0.0;2.44;0.0;9.21;3.51;4.17;0.0;5.84;1.45;5.33;0.0;7.04;5.84;2.85;0.0;2.71;0.0;0.0;5.45;2.35;4.63;5.26;5.04;-0.22;3.47;2.17;6.09;0.0;0.0;5.28
ROA_AK;4.21;1.21;4.39;1.56;4.97;7.2;6.92;6.91;4.47;4.56;3.91;0.0;4.03;5.06;3.34;3.6;0.0;5.15;4.99;0.0;-0.63;6.98;1.37;0.0;3.26;0.0;6.18;3.05;5.43;0.0;3.22;7.72;3.24;0.0;7.25;-0.53;4.77;2.44;2.52;5.01;5.84;5.8;4.71;3.92;0.25;0.0;5.02;1.71;2.38;6.24;7.15;3.75;2.36;4.39;0.99;7.22;4.41;0.0;4.31;1.19;0.0;5.56;3.01;1.1;3.91;3.49;8.94;-0.26;0.0;0.0;4.29;-0.31;7.19;1.05;0.66;5.07;2.32;0.0;2.96;0.0;0.0;3.65;0.0;0.0;6.0;6.82;0.0;0.52;0.0;3.35;5.18;0.0;1.87;0.0;6.76;3.54;3.65;0.0;0.0;5.39;9.67;1.17;4.98;1.57;5.63;2.07;0.0;3.75;0.0;6.03;5.08;7.17;2.13;8.06;0.0;4.89;4.64;5.27;2.26;0.0;3.62;5.57;8.76;4.4;5.0;6.97;0.0;0.0;0.0;0.0;10.13;0.0;1.16;1.12;0.0;0.0;5.3;0.0;7.5;0.0;4.62;0.0;5.46;0.0;1.68;0.0;3.87;3.81;4.32;5.36;5.16;4.74;4.29;9.22;5.46;0.0;0.0;3.64;5.31;1.84;7.73;5.04;0.0;8.07;0.0;6.03;0.0;3.79;3.99;2.96;0.0;1.67;0.0;0.0;0.0;4.73;0.0;2.83;5.37;1.44;0.0;0.0;6.66;6.23;4.07;0.0;4.45;4.43;5.01;5.78;1.92;0.0;0.0;0.0;0.0;0.0;0.0;0.0;6.86;1.42;0.0;0.0;0.0;1.39;6.82;0.0;9.05;0.0;0.0;0.0;8.47;8.92;6.77;0.0;6.53;0.0;7.49;3.74;4.28;10.12;6.66;3.3;3.52;0.0;3.66;7.92;0.0;0.0;-0.84;5.5;0.0;4.81;7.15;1.33;2.77;5.66;5.49;3.14;4.21;3.78;5.54;9.28;0.0
